"blended_cost","unblended_cost","amortized_cost"
"416112.9430329477","374771.10975650855","374771.10975651647"
